sasha034@hotmail.fr;Raze;Anthony
marie.boulet@gmail.com;Marie;Boulet
benedicte.sureau@yahoo.fr;Benedicte;Sureau
dimitri.brodier@orange.fr;Dimitri;Brodier
antoine.ferri@laposte.fr;Ferri;Antoine
bertrand.giscard@gmail.com;Giscard;Bertrand
guy.drue@yahoo.fr;Guy;Drue
frederic.martin@hotmail.fr;Frederic;Martin
karim.tahar@gmail.com;Karim;Tahar
igor.popov@free.fr;Igor;Popov
eglantine.sala@laposte.fr;Eglantine;Sala
albert.camus@gmail.com;Albert;Camus
victor.hugo@gmail.fr;Victor;Hugo
honore.balzac@yahoo.com;Honore;Balzac
laurent.cretin@gmail.com;Laurent;Cretin
julie.danic@free.fr;Julie;Danic
yazid.rami@free.fr;Yazid;Rami
olivier.persegol@gmail.com;Olivier;Persegol
myriam.eladi@yahoo.fr;Myriam;Eladi